gene,group,n_pos,n_neg,auc,ap,best_thr,tpr_at_best,fpr_at_best,f1_at_best,acc_at_best,pred_mean,pred_std,note
EGFR,high,13,70,0.5032967032967033,0.16618206686625808,0.03763321042060852,0.7692307692307693,0.6,0.3076923076923077,0.4578313253012048,0.20784863393476052,0.24834569277119298,
KRAS,high,22,61,0.5074515648286141,0.30304593057160945,0.40926697850227356,0.22727272727272727,0.08196721311475409,0.3125,0.7349397590361446,0.18232737868780224,0.2183460531886451,
ALK,high,11,72,0.44065656565656564,0.1664854946755978,0.572330117225647,0.09090909090909091,0.013888888888888888,0.15384615384615385,0.8674698795180723,0.19104771885791838,0.1583289475287752,
ROS1,low,5,78,0.5128205128205129,0.07269659184810197,0.0014198350254446268,1.0,0.8205128205128205,0.13513513513513514,0.2289156626506024,0.0690757057300973,0.15955305639419848,
TP53,high,56,27,0.5033068783068784,0.6963758275417637,0.7619129419326782,0.3392857142857143,0.18518518518518517,0.475,0.4939759036144578,0.6318728205669357,0.1977428343138811,
BRAF,high,9,74,0.5825825825825826,0.1410963482461067,0.027544183656573296,0.8888888888888888,0.6216216216216216,0.25396825396825395,0.43373493975903615,0.08132744055585905,0.08722372906531081,
PIK3CA,low,6,77,0.3766233766233766,0.0776993462712333,0.21434764564037323,0.16666666666666666,0.09090909090909091,0.14285714285714285,0.8554216867469879,0.08183976692010997,0.09423790483941409,
ERBB2,low,6,77,0.487012987012987,0.2301699095069663,0.9711641669273376,0.16666666666666666,0.0,0.2857142857142857,0.9397590361445783,0.10876450422135776,0.23453591580216157,
NRAS,low,2,81,0.697530864197531,0.06036036036036036,0.01613730750977993,1.0,0.43209876543209874,0.10256410256410256,0.5783132530120482,0.029067672123434373,0.052036838560726356,
